HERD_ID;COW_ID;MULTIPAR;AGE;POS
1000;1001;0;2.71862023854333;0
1000;1002;0;2.16944558194406;0
1000;1003;0;2.33017486331307;0
1000;1004;0;2.49880555885932;0
;;;;
;;;;
